key_id,masterkey_id,key_status,date_added
96877,NoMKey,Available,2023-7-22
96658,NoMKey,Available,2023-7-22
96806,NoMKey,Available,2023-7-22
95401,NoMKey,Available,2023-7-22
96056,NoMKey,Available,2023-7-22
95347,NoMKey,Available,2023-7-22
96755,NoMKey,Available,2023-7-22
96168,NoMKey,Available,2023-7-22
95062,NoMKey,Available,2023-7-22
92313,NoMKey,Available,2023-7-22
95887,NoMKey,Available,2023-7-22
95112,NoMKey,Available,2023-7-22
95476,NoMKey,Available,2023-7-22
92295,NoMKey,Available,2023-7-22
95156,NoMKey,Available,2023-7-22
95406,NoMKey,Available,2023-7-22
92397,NoMKey,Available,2023-7-22
92311,NoMKey,Available,2023-7-22
92283,NoMKey,Available,2023-7-22
92232,NoMKey,Available,2023-7-22
96247,NoMKey,Available,2023-7-22
96866,NoMKey,Available,2023-7-22
95049,NoMKey,Available,2023-7-22
95036,NoMKey,Available,2023-7-22
96093,NoMKey,Available,2023-7-22
95239,NoMKey,Available,2023-7-22
92216,NoMKey,Available,2023-7-22
95279,NoMKey,Available,2023-7-22
96252,NoMKey,Available,2023-7-22
96400,NoMKey,Available,2023-7-22
95227,NoMKey,Available,2023-7-22
92305,NoMKey,Available,2023-7-22
92570,NoMKey,Available,2023-7-22
96186,NoMKey,Available,2023-7-22
96878,NoMKey,Available,2023-7-22
95883,NoMKey,Available,2023-7-22
96578,NoMKey,Available,2023-7-22
95276,NoMKey,Available,2023-7-22
92302,NoMKey,Available,2023-7-22
96145,NoMKey,Available,2023-7-22
95162,NoMKey,Available,2023-7-22
96491,NoMKey,Available,2023-7-22
96273,NoMKey,Available,2023-7-22
95078,NoMKey,Available,2023-7-22
92335,NoMKey,Available,2023-7-22
96376,NoMKey,Available,2023-7-22
92344,NoMKey,Available,2023-7-22
95025,NoMKey,Available,2023-7-22
96237,NoMKey,Available,2023-7-22
96229,NoMKey,Available,2023-7-22
96493,NoMKey,Available,2023-7-22
92273,NoMKey,Available,2023-7-22
96283,NoMKey,Available,2023-7-22
96368,NoMKey,Available,2023-7-22
92290,NoMKey,Available,2023-7-22
92381,NoMKey,Available,2023-7-22
92226,NoMKey,Available,2023-7-22
96330,NoMKey,Available,2023-7-22
92350,NoMKey,Available,2023-7-22
96404,NoMKey,Available,2023-7-22
96301,NoMKey,Available,2023-7-22
92354,NoMKey,Available,2023-7-22
96535,NoMKey,Available,2023-7-22
95933,NoMKey,Available,2023-7-22
92335,NoMKey,Available,2023-7-22
92292,NoMKey,Available,2023-7-22
96107,NoMKey,Available,2023-7-22
96033,NoMKey,Available,2023-7-22
96124,NoMKey,Available,2023-7-22
96289,NoMKey,Available,2023-7-22
92391,NoMKey,Available,2023-7-22
92264,NoMKey,Available,2023-7-22
92367,NoMKey,Available,2023-7-22
96192,NoMKey,Available,2023-7-22
95306,NoMKey,Available,2023-7-22
92340,NoMKey,Available,2023-7-22
95257,NoMKey,Available,2023-7-22
95973,NoMKey,Available,2023-7-22
95104,NoMKey,Available,2023-7-22
96907,NoMKey,Available,2023-7-22
95134,NoMKey,Available,2023-7-22
92286,NoMKey,Available,2023-7-22
96263,NoMKey,Available,2023-7-22
96157,NoMKey,Available,2023-7-22
96083,NoMKey,Available,2023-7-22
96125,NoMKey,Available,2023-7-22
92211,NoMKey,Available,2023-7-22
92274,NoMKey,Available,2023-7-22
95468,NoMKey,Available,2023-7-22
92225,NoMKey,Available,2023-7-22
92321,NoMKey,Available,2023-7-22
92225,NoMKey,Available,2023-7-22
92211,NoMKey,Available,2023-7-22
95457,NoMKey,Available,2023-7-22
95286,NoMKey,Available,2023-7-22
95280,NoMKey,Available,2023-7-22
92206,NoMKey,Available,2023-7-22
92373,NoMKey,Available,2023-7-22
96335,NoMKey,Available,2023-7-22
92223,NoMKey,Available,2023-7-22
92342,NoMKey,Available,2023-7-22
92295,NoMKey,Available,2023-7-22
92337,NoMKey,Available,2023-7-22
92206,NoMKey,Available,2023-7-22
96060,NoMKey,Available,2023-7-22
92269,NoMKey,Available,2023-7-22
95108,NoMKey,Available,2023-7-22
92266,NoMKey,Available,2023-7-22
92253,NoMKey,Available,2023-7-22
92245,NoMKey,Available,2023-7-22
95767,NoMKey,Available,2023-7-22
92291,NoMKey,Available,2023-7-22
95097,NoMKey,Available,2023-7-22
96583,NoMKey,Available,2023-7-22
96310,NoMKey,Available,2023-7-22
96215,NoMKey,Available,2023-7-22
96415,NoMKey,Available,2023-7-22
92303,NoMKey,Available,2023-7-22
92263,NoMKey,Available,2023-7-22
92229,NoMKey,Available,2023-7-22
92202,NoMKey,Available,2023-7-22
95373,NoMKey,Available,2023-7-22
95212,NoMKey,Available,2023-7-22
95491,NoMKey,Available,2023-7-22
96379,NoMKey,Available,2023-7-22
96441,NoMKey,Available,2023-7-22
96460,NoMKey,Available,2023-7-22
96173,NoMKey,Available,2023-7-22
96744,NoMKey,Available,2023-7-22
92272,NoMKey,Available,2023-7-22
96014,NoMKey,Available,2023-7-22
92261,NoMKey,Available,2023-7-22
96051,NoMKey,Available,2023-7-22
92352,NoMKey,Available,2023-7-22
