id,masterkey_id,series,key_type,date_added
1,NoMKey,NoMKey,Lock,2023-7-22
1,92270,Globe,Lock,2023-7-22
1,92517,Globe,Lock,2023-7-22
1,92270,Globe,Lock,2023-7-22
1,95464,Globe,Lock,2023-7-22
1,96128,Globe,Lock,2023-7-22
1,96129,Globe,Lock,2023-7-22
1,9525,Globe,Lock,2023-7-22
1,96075,Globe,Lock,2023-7-22
1,95294,Globe,Lock,2023-7-22
1,5492,Globe,Lock,2023-7-22
1,96044,Globe,Lock,2023-7-22
1,92222,Globe,Lock,2023-7-22
1,6463,Globe,Lock,2023-7-22
1,6937,Globe,Lock,2023-7-22
1,96038,Globe,Lock,2023-7-22
1,92326,Globe,Lock,2023-7-22
1,95248,Globe,Lock,2023-7-22
1,96068,Globe,Lock,2023-7-22
1,92301,Globe,Lock,2023-7-22
1,95164,Globe,Lock,2023-7-22
1,95202,Globe,Lock,2023-7-22
1,96548,Globe,Lock,2023-7-22
1,9651,Globe,Lock,2023-7-22
1,96538,Globe,Lock,2023-7-22
1,92229,Globe,Lock,2023-7-22
1,9634,Globe,Lock,2023-7-22
1,96078,Globe,Lock,2023-7-22
1,95217,Globe,Lock,2023-7-22
1,92297,Globe,Lock,2023-7-22
1,9535,Globe,Lock,2023-7-22
1,96751,Globe,Lock,2023-7-22
1,5939,Globe,Lock,2023-7-22
1,95386,Globe,Lock,2023-7-22
1,92353,Globe,Lock,2023-7-22
1,5216,Globe,Lock,2023-7-22
1,92627,Globe,Lock,2023-7-22
1,92547,Globe,Lock,2023-7-22
1,95206,Globe,Lock,2023-7-22
1,95217,Globe,Lock,2023-7-22
1,9504,Globe,Lock,2023-7-22
1,5823,Globe,Lock,2023-7-22
1,95269,Globe,Lock,2023-7-22
1,6275,Globe,Lock,2023-7-22
1,95469,Globe,Lock,2023-7-22
1,92369,Globe,Lock,2023-7-22
1,9598,Globe,Lock,2023-7-22
1,92210,Globe,Lock,2023-7-22
1,5495,Globe,Lock,2023-7-22
1,95018,Globe,Lock,2023-7-22
1,92307,Globe,Lock,2023-7-22
1,92340,Globe,Lock,2023-7-22
1,96262,Globe,Lock,2023-7-22
1,5485,Globe,Lock,2023-7-22
1,96225,Globe,Lock,2023-7-22
1,5420,Globe,Lock,2023-7-22
1,92508,Globe,Lock,2023-7-22
1,96356,Globe,Lock,2023-7-22
1,6392,Globe,Lock,2023-7-22
1,92227,Globe,Lock,2023-7-22
1,9619,Globe,Lock,2023-7-22
1,95247,Globe,Lock,2023-7-22
1,95384,Globe,Lock,2023-7-22
1,5437,Globe,Lock,2023-7-22
1,92332,Globe,Lock,2023-7-22
1,96179,Globe,Lock,2023-7-22
1,92201,Globe,Lock,2023-7-22
1,9572,Globe,Lock,2023-7-22
1,95290,Globe,Lock,2023-7-22
1,95873,Globe,Lock,2023-7-22
1,95232,Globe,Lock,2023-7-22
1,6004,Globe,Lock,2023-7-22
1,92366,Globe,Lock,2023-7-22
1,95179,Globe,Lock,2023-7-22
1,92261,Globe,Lock,2023-7-22
1,92314,Globe,Lock,2023-7-22
1,95774,Globe,Lock,2023-7-22
1,92291,Globe,Lock,2023-7-22
1,95493,Globe,Lock,2023-7-22
1,95412,Globe,Lock,2023-7-22
1,96567,Globe,Lock,2023-7-22
1,95300,Globe,Lock,2023-7-22
1,95891,Globe,Lock,2023-7-22
1,95203,Globe,Lock,2023-7-22
1,96689,Globe,Lock,2023-7-22
1,92298,Globe,Lock,2023-7-22
1,96705,Globe,Lock,2023-7-22
1,96146,Globe,Lock,2023-7-22
1,96480,Globe,Lock,2023-7-22
1,96738,Globe,Lock,2023-7-22
1,96110,Globe,Lock,2023-7-22
1,92279,Globe,Lock,2023-7-22
1,96458,Globe,Lock,2023-7-22
1,96572,Globe,Lock,2023-7-22
1,96291,Globe,Lock,2023-7-22
1,92361,Globe,Lock,2023-7-22
1,92254,Globe,Lock,2023-7-22
1,92256,Globe,Lock,2023-7-22
1,92360,Globe,Lock,2023-7-22
1,95017,Globe,Lock,2023-7-22
1,92333,Globe,Lock,2023-7-22
1,92221,Globe,Lock,2023-7-22
1,96205,Globe,Lock,2023-7-22
1,92392,Globe,Lock,2023-7-22
1,92294,Globe,Lock,2023-7-22
1,96038,Globe,Lock,2023-7-22
1,28256,Globe,Lock,2023-7-22
1,92242,Globe,Lock,2023-7-22
1,92212,Globe,Lock,2023-7-22
1,92387,Globe,Lock,2023-7-22
1,92274,Globe,Lock,2023-7-22
1,95971,Globe,Lock,2023-7-22
1,92244,Globe,Lock,2023-7-22
1,96002,Globe,Lock,2023-7-22
1,92341,Globe,Lock,2023-7-22
1,92250,Globe,Lock,2023-7-22
1,92238,Globe,Lock,2023-7-22
1,92335,Globe,Lock,2023-7-22
1,92283,Globe,Lock,2023-7-22
1,92339,Globe,Lock,2023-7-22
1,92286,Globe,Lock,2023-7-22
1,96863,Globe,Lock,2023-7-22
1,96037,Globe,Lock,2023-7-22
1,962268,Globe,Lock,2023-7-22
1,95078,Globe,Lock,2023-7-22
1,96723,Globe,Lock,2023-7-22
1,95764,Globe,Lock,2023-7-22
1,95110,Globe,Lock,2023-7-22
1,96707,Globe,Lock,2023-7-22
1,92239,Globe,Lock,2023-7-22
1,95417,Globe,Lock,2023-7-22
1,95401,Globe,Lock,2023-7-22
1,95716,Globe,Lock,2023-7-22
1,95125,Globe,Lock,2023-7-22
1,96666,Globe,Lock,2023-7-22
1,96088,Globe,Lock,2023-7-22
1,92314,Globe,Lock,2023-7-22
1,96106,Globe,Lock,2023-7-22
1,96040,Globe,Lock,2023-7-22
1,95040,Globe,Lock,2023-7-22
1,95132,Globe,Lock,2023-7-22
1,95087,Globe,Lock,2023-7-22
1,96217,Globe,Lock,2023-7-22
1,95110,Globe,Lock,2023-7-22
1,95353,Globe,Lock,2023-7-22
1,95297,Globe,Lock,2023-7-22
1,96189,Globe,Lock,2023-7-22
1,92275,Globe,Lock,2023-7-22
1,95271,Globe,Lock,2023-7-22
1,96963,Globe,Lock,2023-7-22
1,96970,Globe,Lock,2023-7-22
1,92219,Globe,Lock,2023-7-22
1,95246,Globe,Lock,2023-7-22
1,95124,Globe,Lock,2023-7-22
1,92395,Globe,Lock,2023-7-22
1,95140,Globe,Lock,2023-7-22
1,95369,Globe,Lock,2023-7-22
1,921231,Globe,Lock,2023-7-22
1,952476,Globe,Lock,2023-7-22
1,92303,Globe,Lock,2023-7-22
1,96436,Globe,Lock,2023-7-22
1,96116,Globe,Lock,2023-7-22
1,95383,Globe,Lock,2023-7-22
1,92227,Globe,Lock,2023-7-22
1,95276,Globe,Lock,2023-7-22
1,95767,Globe,Lock,2023-7-22
1,96697,Globe,Lock,2023-7-22
1,96165,Globe,Lock,2023-7-22
1,92235,Globe,Lock,2023-7-22
1,92265,Globe,Lock,2023-7-22
1,96915,Globe,Lock,2023-7-22
1,96042,Globe,Lock,2023-7-22
1,98770,Globe,Lock,2023-7-22
1,96013,Globe,Lock,2023-7-22
1,95185,Globe,Lock,2023-7-22
1,92225,Globe,Lock,2023-7-22
1,92244,Globe,Lock,2023-7-22
1,95985,Globe,Lock,2023-7-22
1,95156,Globe,Lock,2023-7-22
1,96049,Globe,Lock,2023-7-22
1,92206,Globe,Lock,2023-7-22
1,922235,Globe,Lock,2023-7-22
1,92374,Globe,Lock,2023-7-22
1,96840,Globe,Lock,2023-7-22
1,96194,Globe,Lock,2023-7-22
1,95404,Globe,Lock,2023-7-22
1,96564,Globe,Lock,2023-7-22
1,95057,Globe,Lock,2023-7-22
1,92271,Globe,Lock,2023-7-22
1,96632,Globe,Lock,2023-7-22
1,96077,Globe,Lock,2023-7-22
1,95389,Globe,Lock,2023-7-22
1,92273,Globe,Lock,2023-7-22
1,92210,Globe,Lock,2023-7-22
1,92275,Globe,Lock,2023-7-22
1,96504,Globe,Lock,2023-7-22
1,95078,Globe,Lock,2023-7-22
1,92257,Globe,Lock,2023-7-22
1,92271,Globe,Lock,2023-7-22
1,99896,Globe,Lock,2023-7-22
1,92389,Globe,Lock,2023-7-22
1,92277,Globe,Lock,2023-7-22
1,92361,Globe,Lock,2023-7-22
1,95445,Globe,Lock,2023-7-22
1,92361,Globe,Lock,2023-7-22
1,95445,Globe,Lock,2023-7-22
1,92398,Globe,Lock,2023-7-22
1,95212,Globe,Lock,2023-7-22
1,95801,Globe,Lock,2023-7-22
1,92233,Globe,Lock,2023-7-22
1,96805,Globe,Lock,2023-7-22
1,95081,Globe,Lock,2023-7-22
1,92371,Globe,Lock,2023-7-22
1,96503,Globe,Lock,2023-7-22
1,92291,Globe,Lock,2023-7-22
1,96896,Globe,Lock,2023-7-22
1,92220,Globe,Lock,2023-7-22
1,95825,Globe,Lock,2023-7-22
1,92287,Globe,Lock,2023-7-22
1,95278,Globe,Lock,2023-7-22
1,95286,Globe,Lock,2023-7-22
1,92324,Globe,Lock,2023-7-22
1,96554,Globe,Lock,2023-7-22
1,95044,Globe,Lock,2023-7-22
1,95214,Globe,Lock,2023-7-22
1,92299,Globe,Lock,2023-7-22
1,92324,Globe,Lock,2023-7-22
1,92206,Globe,Lock,2023-7-22
1,92324,Globe,Lock,2023-7-22
1,95745,Globe,Lock,2023-7-22
1,92202,Globe,Lock,2023-7-22
1,96219,Globe,Lock,2023-7-22
1,95074,Globe,Lock,2023-7-22
1,95749,Globe,Lock,2023-7-22
1,92253,Globe,Lock,2023-7-22
1,95416,Globe,Lock,2023-7-22
1,92214,Globe,Lock,2023-7-22
1,96491,Globe,Lock,2023-7-22
1,96905,Globe,Lock,2023-7-22
1,92267,Globe,Lock,2023-7-22
1,92225,Globe,Lock,2023-7-22
1,92395,Globe,Lock,2023-7-22
1,92269,Globe,Lock,2023-7-22
1,95277,Globe,Lock,2023-7-22
1,92293,Globe,Lock,2023-7-22
1,96922,Globe,Lock,2023-7-22
1,96605,Globe,Lock,2023-7-22
1,92394,Globe,Lock,2023-7-22
1,95328,Globe,Lock,2023-7-22
1,92321,Globe,Lock,2023-7-22
1,95248,Globe,Lock,2023-7-22
1,96511,Globe,Lock,2023-7-22
1,92213,Globe,Lock,2023-7-22
1,92251,Globe,Lock,2023-7-22
1,92222,Globe,Lock,2023-7-22
1,92211,Globe,Lock,2023-7-22
1,96034,Globe,Lock,2023-7-22
1,95834,Globe,Lock,2023-7-22
1,95197,Globe,Lock,2023-7-22
1,95458,Globe,Lock,2023-7-22
1,92305,Globe,Lock,2023-7-22
1,92305,Globe,Lock,2023-7-22
1,95174,Globe,Lock,2023-7-22
1,95879,Globe,Lock,2023-7-22
1,92243,Globe,Lock,2023-7-22
1,95972,Globe,Lock,2023-7-22
1,92326,Globe,Lock,2023-7-22
1,92219,Globe,Lock,2023-7-22
1,92204,Globe,Lock,2023-7-22
1,95467,Globe,Lock,2023-7-22
1,95385,Globe,Lock,2023-7-22
1,95123,Globe,Lock,2023-7-22
1,95403,Globe,Lock,2023-7-22
1,92322,Globe,Lock,2023-7-22
1,95373,Globe,Lock,2023-7-22
1,92201,Globe,Lock,2023-7-22
1,96173,Globe,Lock,2023-7-22
1,92355,Globe,Lock,2023-7-22
1,96022,Globe,Lock,2023-7-22
1,96799,Globe,Lock,2023-7-22
1,315,Globe,Lock,2023-7-22
1,95718,Globe,Lock,2023-7-22
1,272,Globe,Lock,2023-7-22
1,96089,Globe,Lock,2023-7-22
1,232,Globe,Lock,2023-7-22
1,397,Globe,Lock,2023-7-22
1,96994,Globe,Lock,2023-7-22
1,296,Globe,Lock,2023-7-22
1,96052,Globe,Lock,2023-7-22
1,96871,Globe,Lock,2023-7-22
1,95839,Globe,Lock,2023-7-22
1,96244,Globe,Lock,2023-7-22
1,96992,Globe,Lock,2023-7-22
1,96298,Globe,Lock,2023-7-22
1,95228,Globe,Lock,2023-7-22
1,96194,Globe,Lock,2023-7-22
1,95304,Globe,Lock,2023-7-22
1,95454,Globe,Lock,2023-7-22
1,252,Globe,Lock,2023-7-22
1,96125,Globe,Lock,2023-7-22
1,96407,Globe,Lock,2023-7-22
1,96458,Globe,Lock,2023-7-22
1,95146,Globe,Lock,2023-7-22
1,95157,Globe,Lock,2023-7-22
1,234,Globe,Lock,2023-7-22
1,95711,Globe,Lock,2023-7-22
1,329,Globe,Lock,2023-7-22
1,95861,Globe,Lock,2023-7-22
1,96119,Globe,Lock,2023-7-22
1,96596,Globe,Lock,2023-7-22
1,388,Globe,Lock,2023-7-22
1,96001,Globe,Lock,2023-7-22
1,95214,Globe,Lock,2023-7-22
1,252,Globe,Lock,2023-7-22
1,96086,Globe,Lock,2023-7-22
1,95435,Globe,Lock,2023-7-22
1,96092,Globe,Lock,2023-7-22
1,95782,Globe,Lock,2023-7-22
1,95032,Globe,Lock,2023-7-22
1,95911,Globe,Lock,2023-7-22
1,96388,Globe,Lock,2023-7-22
1,95161,Globe,Lock,2023-7-22
1,95232,Globe,Lock,2023-7-22
1,95203,Globe,Lock,2023-7-22
1,95079,Globe,Lock,2023-7-22
1,308,Globe,Lock,2023-7-22
1,228,Globe,Lock,2023-7-22
1,96091,Globe,Lock,2023-7-22
1,208,Globe,Lock,2023-7-22
1,95235,Globe,Lock,2023-7-22
1,95012,Globe,Lock,2023-7-22
1,399,Globe,Lock,2023-7-22
1,258,Globe,Lock,2023-7-22
1,92318,Globe,Lock,2023-7-22
1,96308,Globe,Lock,2023-7-22
1,218,Globe,Lock,2023-7-22
1,377,Globe,Lock,2023-7-22
1,96262,Globe,Lock,2023-7-22
1,233,Globe,Lock,2023-7-22
1,317,Globe,Lock,2023-7-22
1,96447,Globe,Lock,2023-7-22
1,335,Globe,Lock,2023-7-22
1,95237,Globe,Lock,2023-7-22
1,95973,Globe,Lock,2023-7-22
1,328,Globe,Lock,2023-7-22
1,280,Globe,Lock,2023-7-22
1,301,Globe,Lock,2023-7-22
1,96437,Globe,Lock,2023-7-22
1,92274,Globe,Lock,2023-7-22
1,356,Globe,Lock,2023-7-22
1,368,Globe,Lock,2023-7-22
1,96967,Globe,Lock,2023-7-22
1,96854,Globe,Lock,2023-7-22
1,290,Globe,Lock,2023-7-22
1,373,Globe,Lock,2023-7-22
1,96771,Globe,Lock,2023-7-22
1,292,Globe,Lock,2023-7-22
1,95290,Globe,Lock,2023-7-22
1,92318,Globe,Lock,2023-7-22
1,96058,Globe,Lock,2023-7-22
1,92304,Globe,Lock,2023-7-22
1,95842,Globe,Lock,2023-7-22
1,96106,Globe,Lock,2023-7-22
1,95103,Globe,Lock,2023-7-22
1,334,Globe,Lock,2023-7-22
1,564,Globe,Lock,2023-7-22
1,86100,Globe,Lock,2023-7-22
1,95322,Globe,Lock,2023-7-22
1,95242,Globe,Lock,2023-7-22
1,95776,Globe,Lock,2023-7-22
1,95139,Globe,Lock,2023-7-22
1,95412,Globe,Lock,2023-7-22
1,96532,Globe,Lock,2023-7-22
1,96781,Globe,Lock,2023-7-22
1,96739,Globe,Lock,2023-7-22
1,95221,Globe,Lock,2023-7-22
1,95998,Globe,Lock,2023-7-22
1,96847,Globe,Lock,2023-7-22
1,95378,Globe,Lock,2023-7-22
1,384,Globe,Lock,2023-7-22
1,95389,Globe,Lock,2023-7-22
1,96284,Globe,Lock,2023-7-22
1,92276,Globe,Lock,2023-7-22
1,95781,Globe,Lock,2023-7-22
1,217,Globe,Lock,2023-7-22
1,308,Globe,Lock,2023-7-22
1,96205,Globe,Lock,2023-7-22
1,252,Globe,Lock,2023-7-22
1,96737,Globe,Lock,2023-7-22
1,372,Globe,Lock,2023-7-22
1,95273,Globe,Lock,2023-7-22
1,210,Globe,Lock,2023-7-22
1,96111,Globe,Lock,2023-7-22
1,348,Globe,Lock,2023-7-22
1,270,Globe,Lock,2023-7-22
1,95449,Globe,Lock,2023-7-22
1,95337,Globe,Lock,2023-7-22
1,95152,Globe,Lock,2023-7-22
1,95268,Globe,Lock,2023-7-22
1,95009,Globe,Lock,2023-7-22
1,95310,Globe,Lock,2023-7-22
1,96302,Globe,Lock,2023-7-22
1,95266,Globe,Lock,2023-7-22
1,340,Globe,Lock,2023-7-22
1,96588,Globe,Lock,2023-7-22
1,96952,Globe,Lock,2023-7-22
1,210,Globe,Lock,2023-7-22
1,281,Globe,Lock,2023-7-22
1,96417,Globe,Lock,2023-7-22
1,96423,Globe,Lock,2023-7-22
1,294,Globe,Lock,2023-7-22
1,237,Globe,Lock,2023-7-22
1,95915,Globe,Lock,2023-7-22
1,95810,Globe,Lock,2023-7-22
1,96172,Globe,Lock,2023-7-22
1,96091,Globe,Lock,2023-7-22
1,95729,Globe,Lock,2023-7-22
1,96516,Globe,Lock,2023-7-22
1,95451,Globe,Lock,2023-7-22
1,96232,Globe,Lock,2023-7-22
1,96722,Globe,Lock,2023-7-22
1,95332,Globe,Lock,2023-7-22
1,282,Globe,Lock,2023-7-22
1,395,Globe,Lock,2023-7-22
1,95886,Globe,Lock,2023-7-22
1,387,Globe,Lock,2023-7-22
1,95816,Globe,Lock,2023-7-22
1,96555,Globe,Lock,2023-7-22
1,96137,Globe,Lock,2023-7-22
1,95039,Globe,Lock,2023-7-22
1,366,Globe,Lock,2023-7-22
1,96608,Globe,Lock,2023-7-22
1,92208,Globe,Lock,2023-7-22
1,322,Globe,Lock,2023-7-22
1,96377,Globe,Lock,2023-7-22
1,95462,Globe,Lock,2023-7-22
1,376,Globe,Lock,2023-7-22
1,95491,Globe,Lock,2023-7-22
1,96757,Globe,Lock,2023-7-22
1,96277,Globe,Lock,2023-7-22
1,95326,Globe,Lock,2023-7-22
1,95198,Globe,Lock,2023-7-22
1,95130,Globe,Lock,2023-7-22
1,276,Globe,Lock,2023-7-22
1,225,Globe,Lock,2023-7-22
1,304,Globe,Lock,2023-7-22
1,96946,Globe,Lock,2023-7-22
1,96123,Globe,Lock,2023-7-22
1,217,Globe,Lock,2023-7-22
1,95299,Globe,Lock,2023-7-22
1,96756,Globe,Lock,2023-7-22
1,95846,Globe,Lock,2023-7-22
1,96808,Globe,Lock,2023-7-22
1,95163,Globe,Lock,2023-7-22
1,95465,Globe,Lock,2023-7-22
1,226,Globe,Lock,2023-7-22
1,95358,Globe,Lock,2023-7-22
1,96038,Globe,Lock,2023-7-22
1,356,Globe,Lock,2023-7-22
1,96485,Globe,Lock,2023-7-22
1,96349,Globe,Lock,2023-7-22
1,95282,Globe,Lock,2023-7-22
1,236,Globe,Lock,2023-7-22
1,96521,Globe,Lock,2023-7-22
1,237,Globe,Lock,2023-7-22
1,323,Globe,Lock,2023-7-22
1,96423,Globe,Lock,2023-7-22
1,96758,Globe,Lock,2023-7-22
1,96720,Globe,Lock,2023-7-22
1,95152,Globe,Lock,2023-7-22
1,96048,Globe,Lock,2023-7-22
1,312,Globe,Lock,2023-7-22
1,333,Globe,Lock,2023-7-22
1,96198,Globe,Lock,2023-7-22
1,96900,Globe,Lock,2023-7-22
1,96057,Globe,Lock,2023-7-22
1,96161,Globe,Lock,2023-7-22
1,96867,Globe,Lock,2023-7-22
1,96505,Globe,Lock,2023-7-22
1,96053,Globe,Lock,2023-7-22
1,95240,Globe,Lock,2023-7-22
1,364,Globe,Lock,2023-7-22
1,382,Globe,Lock,2023-7-22
1,96011,Globe,Lock,2023-7-22
1,202,Globe,Lock,2023-7-22
1,96467,Globe,Lock,2023-7-22
1,305,Globe,Lock,2023-7-22
1,92373,Globe,Lock,2023-7-22
1,368,Globe,Lock,2023-7-22
1,95850,Globe,Lock,2023-7-22
1,96007,Globe,Lock,2023-7-22
1,95286,Globe,Lock,2023-7-22
1,96719,Globe,Lock,2023-7-22
1,376,Globe,Lock,2023-7-22
1,95788,Globe,Lock,2023-7-22
1,96688,Globe,Lock,2023-7-22
1,365,Globe,Lock,2023-7-22
1,96101,Globe,Lock,2023-7-22
1,308,Globe,Lock,2023-7-22
1,95367,Globe,Lock,2023-7-22
1,96690,Globe,Lock,2023-7-22
1,96787,Globe,Lock,2023-7-22
1,96176,Globe,Lock,2023-7-22
1,95442,Globe,Lock,2023-7-22
1,93786,Globe,Lock,2023-7-22
1,268,Globe,Lock,2023-7-22
1,229,Globe,Lock,2023-7-22
1,243,Globe,Lock,2023-7-22
1,95988,Globe,Lock,2023-7-22
1,95835,Globe,Lock,2023-7-22
1,95410,Globe,Lock,2023-7-22
1,96392,Globe,Lock,2023-7-22
1,96416,Globe,Lock,2023-7-22
1,96127,Globe,Lock,2023-7-22
1,95952,Globe,Lock,2023-7-22
1,95258,Globe,Lock,2023-7-22
1,95744,Globe,Lock,2023-7-22
1,259,Globe,Lock,2023-7-22
1,96792,Globe,Lock,2023-7-22
1,95495,Globe,Lock,2023-7-22
1,95813,Globe,Lock,2023-7-22
1,96118,Globe,Lock,2023-7-22
1,350,Globe,Lock,2023-7-22
1,205,Globe,Lock,2023-7-22
1,96256,Globe,Lock,2023-7-22
1,98424,Globe,Lock,2023-7-22
1,207,Globe,Lock,2023-7-22
1,281,Globe,Lock,2023-7-22
1,96596,Globe,Lock,2023-7-22
1,96706,Globe,Lock,2023-7-22
1,95909,Globe,Lock,2023-7-22
1,96847,Globe,Lock,2023-7-22
1,96447,Globe,Lock,2023-7-22
1,96925,Globe,Lock,2023-7-22
1,96454,Globe,Lock,2023-7-22
1,95365,Globe,Lock,2023-7-22
1,95726,Globe,Lock,2023-7-22
1,279,Globe,Lock,2023-7-22
1,92202,Globe,Lock,2023-7-22
1,95984,Globe,Lock,2023-7-22
1,365,Globe,Lock,2023-7-22
1,359,Globe,Lock,2023-7-22
1,312,Globe,Lock,2023-7-22
1,95957,Globe,Lock,2023-7-22
1,95183,Globe,Lock,2023-7-22
1,96183,Globe,Lock,2023-7-22
1,96116,Globe,Lock,2023-7-22
1,379,Globe,Lock,2023-7-22
1,96924,Globe,Lock,2023-7-22
1,96267,Globe,Lock,2023-7-22
1,95320,Globe,Lock,2023-7-22
1,96152,Globe,Lock,2023-7-22
1,96271,Globe,Lock,2023-7-22
1,231,Globe,Lock,2023-7-22
1,96403,Globe,Lock,2023-7-22
1,96021,Globe,Lock,2023-7-22
1,96528,Globe,Lock,2023-7-22
1,96336,Globe,Lock,2023-7-22
1,95149,Globe,Lock,2023-7-22
1,254,Globe,Lock,2023-7-22
1,96324,Globe,Lock,2023-7-22
1,92315,Globe,Lock,2023-7-22
1,92395,Globe,Lock,2023-7-22
1,96166,Globe,Lock,2023-7-22
1,95042,Globe,Lock,2023-7-22
1,96079,Globe,Lock,2023-7-22
1,92308,Globe,Lock,2023-7-22
1,96196,Globe,Lock,2023-7-22
1,69860,Globe,Lock,2023-7-22
1,333,Globe,Lock,2023-7-22
1,96159,Globe,Lock,2023-7-22
1,96442,Globe,Lock,2023-7-22
1,96458,Globe,Lock,2023-7-22
1,96132,Globe,Lock,2023-7-22
1,95041,Globe,Lock,2023-7-22
1,95380,Globe,Lock,2023-7-22
1,92246,Globe,Lock,2023-7-22
1,95182,Globe,Lock,2023-7-22
1,96333,Globe,Lock,2023-7-22
1,92282,Globe,Lock,2023-7-22
1,354,Globe,Lock,2023-7-22
1,328,Globe,Lock,2023-7-22
1,258,Globe,Lock,2023-7-22
1,363,Globe,Lock,2023-7-22
1,96220,Globe,Lock,2023-7-22
1,246,Globe,Lock,2023-7-22
1,363,Globe,Lock,2023-7-22
1,96322,Globe,Lock,2023-7-22
1,96065,Globe,Lock,2023-7-22
1,95160,Globe,Lock,2023-7-22
1,96613,Globe,Lock,2023-7-22
1,96897,Globe,Lock,2023-7-22
1,96208,Globe,Lock,2023-7-22
1,95220,Globe,Lock,2023-7-22
1,370,Globe,Lock,2023-7-22
1,231,Globe,Lock,2023-7-22
1,95336,Globe,Lock,2023-7-22
1,96788,Globe,Lock,2023-7-22
1,96409,Globe,Lock,2023-7-22
1,95315,Globe,Lock,2023-7-22
1,96293,Globe,Lock,2023-7-22
1,325,Globe,Lock,2023-7-22
1,95474,Globe,Lock,2023-7-22
1,96023,Globe,Lock,2023-7-22
1,376,Globe,Lock,2023-7-22
1,95250,Globe,Lock,2023-7-22
1,96743,Globe,Lock,2023-7-22
1,96641,Globe,Lock,2023-7-22
1,95272,Globe,Lock,2023-7-22
1,95777,Globe,Lock,2023-7-22
1,357,Globe,Lock,2023-7-22
1,96490,Globe,Lock,2023-7-22
1,96254,Globe,Lock,2023-7-22
1,96164,Globe,Lock,2023-7-22
1,92201,Globe,Lock,2023-7-22
1,95707,Globe,Lock,2023-7-22
1,95254,Globe,Lock,2023-7-22
1,95370,Globe,Lock,2023-7-22
1,96308,Globe,Lock,2023-7-22
1,95318,Globe,Lock,2023-7-22
1,96105,Globe,Lock,2023-7-22
1,95138,Globe,Lock,2023-7-22
1,95708,Globe,Lock,2023-7-22
1,95022,Globe,Lock,2023-7-22
1,330,Globe,Lock,2023-7-22
1,265,Globe,Lock,2023-7-22
1,95423,Globe,Lock,2023-7-22
1,96007,Globe,Lock,2023-7-22
1,298,Globe,Lock,2023-7-22
1,96431,Globe,Lock,2023-7-22
1,96761,Globe,Lock,2023-7-22
1,255,Globe,Lock,2023-7-22
1,333,Globe,Lock,2023-7-22
1,282,Globe,Lock,2023-7-22
1,95886,Globe,Lock,2023-7-22
1,342,Globe,Lock,2023-7-22
1,95785,Globe,Lock,2023-7-22
1,95771,Globe,Lock,2023-7-22
1,264,Globe,Lock,2023-7-22
1,295,Globe,Lock,2023-7-22
1,96700,Globe,Lock,2023-7-22
1,96024,Globe,Lock,2023-7-22
1,280,Globe,Lock,2023-7-22
1,244,Globe,Lock,2023-7-22
1,204,Globe,Lock,2023-7-22
1,299,Globe,Lock,2023-7-22
1,296,Globe,Lock,2023-7-22
1,382,Globe,Lock,2023-7-22
1,260,Globe,Lock,2023-7-22
1,96967,Globe,Lock,2023-7-22
1,362,Globe,Lock,2023-7-22
1,96298,Globe,Lock,2023-7-22
1,361,Globe,Lock,2023-7-22
1,304,Globe,Lock,2023-7-22
1,393,Globe,Lock,2023-7-22
1,95707,Globe,Lock,2023-7-22
1,95295,Globe,Lock,2023-7-22
1,96270,Globe,Lock,2023-7-22
1,96433,Globe,Lock,2023-7-22
1,96003,Globe,Lock,2023-7-22
1,344,Globe,Lock,2023-7-22
1,95982,Globe,Lock,2023-7-22
1,96254,Globe,Lock,2023-7-22
1,95485,Globe,Lock,2023-7-22
1,95717,Globe,Lock,2023-7-22
1,382,Globe,Lock,2023-7-22
1,95818,Globe,Lock,2023-7-22
1,96187,Globe,Lock,2023-7-22
1,229,Globe,Lock,2023-7-22
1,96816,Globe,Lock,2023-7-22
1,96990,Globe,Lock,2023-7-22
1,315,Globe,Lock,2023-7-22
1,96112,Globe,Lock,2023-7-22
1,96089,Globe,Lock,2023-7-22
1,95163,Globe,Lock,2023-7-22
1,96929,Globe,Lock,2023-7-22
1,287,Globe,Lock,2023-7-22
1,96370,Globe,Lock,2023-7-22
1,96484,Globe,Lock,2023-7-22
1,96351,Globe,Lock,2023-7-22
1,271,Globe,Lock,2023-7-22
1,96424,Globe,Lock,2023-7-22
1,366,Globe,Lock,2023-7-22
1,96321,Globe,Lock,2023-7-22
1,391,Globe,Lock,2023-7-22
1,227,Globe,Lock,2023-7-22
1,290,Globe,Lock,2023-7-22
1,95714,Globe,Lock,2023-7-22
1,95144,Globe,Lock,2023-7-22
1,301,Globe,Lock,2023-7-22
1,204,Globe,Lock,2023-7-22
1,323,Globe,Lock,2023-7-22
1,96961,Globe,Lock,2023-7-22
1,340,Globe,Lock,2023-7-22
1,95804,Globe,Lock,2023-7-22
1,324,Globe,Lock,2023-7-22
1,95469,Globe,Lock,2023-7-22
1,96513,Globe,Lock,2023-7-22
1,96886,Globe,Lock,2023-7-22
1,95890,Globe,Lock,2023-7-22
1,95905,Globe,Lock,2023-7-22
1,95200,Globe,Lock,2023-7-22
1,95083,Globe,Lock,2023-7-22
1,95111,Globe,Lock,2023-7-22
1,95207,Globe,Lock,2023-7-22
1,95874,Globe,Lock,2023-7-22
1,400,Globe,Lock,2023-7-22
1,95012,Globe,Lock,2023-7-22
1,96168,Globe,Lock,2023-7-22
1,96653,Globe,Lock,2023-7-22
1,95452,Globe,Lock,2023-7-22
1,214,Globe,Lock,2023-7-22
1,95988,Globe,Lock,2023-7-22
1,96720,Globe,Lock,2023-7-22
1,95395,Globe,Lock,2023-7-22
1,96736,Globe,Lock,2023-7-22
1,96442,Globe,Lock,2023-7-22
1,96408,Globe,Lock,2023-7-22
1,230,Globe,Lock,2023-7-22
1,95833,Globe,Lock,2023-7-22
1,95262,Globe,Lock,2023-7-22
1,96133,Globe,Lock,2023-7-22
1,360,Globe,Lock,2023-7-22
1,95497,Globe,Lock,2023-7-22
1,284,Globe,Lock,2023-7-22
1,95965,Globe,Lock,2023-7-22
1,220,Globe,Lock,2023-7-22
1,271,Globe,Lock,2023-7-22
1,96487,Globe,Lock,2023-7-22
1,96007,Globe,Lock,2023-7-22
1,364,Globe,Lock,2023-7-22
1,267,Globe,Lock,2023-7-22
1,96767,Globe,Lock,2023-7-22
1,96788,Globe,Lock,2023-7-22
1,96919,Globe,Lock,2023-7-22
1,96392,Globe,Lock,2023-7-22
1,237,Globe,Lock,2023-7-22
1,96711,Globe,Lock,2023-7-22
1,96760,Globe,Lock,2023-7-22
1,96329,Globe,Lock,2023-7-22
1,318,Globe,Lock,2023-7-22
1,96411,Globe,Lock,2023-7-22
1,96340,Globe,Lock,2023-7-22
1,96543,Globe,Lock,2023-7-22
1,96879,Globe,Lock,2023-7-22
1,96083,Globe,Lock,2023-7-22
1,96883,Globe,Lock,2023-7-22
1,96899,Globe,Lock,2023-7-22
1,96394,Globe,Lock,2023-7-22
1,96049,Globe,Lock,2023-7-22
1,397,Globe,Lock,2023-7-22
1,268,Globe,Lock,2023-7-22
1,389,Globe,Lock,2023-7-22
1,246,Globe,Lock,2023-7-22
1,96231,Globe,Lock,2023-7-22
1,309,Globe,Lock,2023-7-22
1,95472,Globe,Lock,2023-7-22
1,316,Globe,Lock,2023-7-22
1,241,Globe,Lock,2023-7-22
1,96469,Globe,Lock,2023-7-22
1,95793,Globe,Lock,2023-7-22
1,96009,Globe,Lock,2023-7-22
1,346,Globe,Lock,2023-7-22
1,95987,Globe,Lock,2023-7-22
1,281,Globe,Lock,2023-7-22
1,95488,Globe,Lock,2023-7-22
1,96465,Globe,Lock,2023-7-22
1,203,Globe,Lock,2023-7-22
1,95936,Globe,Lock,2023-7-22
1,96982,Globe,Lock,2023-7-22
1,96814,Globe,Lock,2023-7-22
1,95210,Globe,Lock,2023-7-22
1,96661,Globe,Lock,2023-7-22
1,96872,Globe,Lock,2023-7-22
1,96972,Globe,Lock,2023-7-22
1,96203,Globe,Lock,2023-7-22
1,238,Globe,Lock,2023-7-22
1,95461,Globe,Lock,2023-7-22
1,95800,Globe,Lock,2023-7-22
1,95009,Globe,Lock,2023-7-22
1,350,Globe,Lock,2023-7-22
1,95341,Globe,Lock,2023-7-22
1,319,Globe,Lock,2023-7-22
1,345,Globe,Lock,2023-7-22
1,96093,Globe,Lock,2023-7-22
1,96416,Globe,Lock,2023-7-22
1,95772,Globe,Lock,2023-7-22
1,96331,Globe,Lock,2023-7-22
1,384,Globe,Lock,2023-7-22
1,213,Globe,Lock,2023-7-22
1,96315,Globe,Lock,2023-7-22
1,96022,Globe,Lock,2023-7-22
1,212,Globe,Lock,2023-7-22
1,96823,Globe,Lock,2023-7-22
1,276,Globe,Lock,2023-7-22
1,96419,Globe,Lock,2023-7-22
1,236,Globe,Lock,2023-7-22
1,212,Globe,Lock,2023-7-22
1,270,Globe,Lock,2023-7-22
1,96631,Globe,Lock,2023-7-22
1,226,Globe,Lock,2023-7-22
1,96490,Globe,Lock,2023-7-22
1,96559,Globe,Lock,2023-7-22
1,276,Globe,Lock,2023-7-22
1,96233,Globe,Lock,2023-7-22
1,379,Globe,Lock,2023-7-22
1,96462,Globe,Lock,2023-7-22
1,95457,Globe,Lock,2023-7-22
1,96056,Globe,Lock,2023-7-22
1,96323,Globe,Lock,2023-7-22
1,387,Globe,Lock,2023-7-22
1,313,Globe,Lock,2023-7-22
1,307,Globe,Lock,2023-7-22
1,240,Globe,Lock,2023-7-22
1,96985,Globe,Lock,2023-7-22
1,95128,Globe,Lock,2023-7-22
1,96288,Globe,Lock,2023-7-22
1,96167,Globe,Lock,2023-7-22
1,351,Globe,Lock,2023-7-22
1,96885,Globe,Lock,2023-7-22
1,96111,Globe,Lock,2023-7-22
1,96531,Globe,Lock,2023-7-22
1,96082,Globe,Lock,2023-7-22
1,96167,Globe,Lock,2023-7-22
1,96084,Globe,Lock,2023-7-22
1,96909,Globe,Lock,2023-7-22
1,232,Globe,Lock,2023-7-22
1,380,Globe,Lock,2023-7-22
1,96117,Globe,Lock,2023-7-22
1,399,Globe,Lock,2023-7-22
1,395,Globe,Lock,2023-7-22
1,96071,Globe,Lock,2023-7-22
1,96343,Globe,Lock,2023-7-22
1,96028,Globe,Lock,2023-7-22
1,241,Globe,Lock,2023-7-22
1,96290,Globe,Lock,2023-7-22
1,96801,Globe,Lock,2023-7-22
1,96172,Globe,Lock,2023-7-22
1,96223,Globe,Lock,2023-7-22
1,96170,Globe,Lock,2023-7-22
1,96332,Globe,Lock,2023-7-22
1,362,Globe,Lock,2023-7-22
1,96874,Globe,Lock,2023-7-22
1,95348,Globe,Lock,2023-7-22
1,392,Globe,Lock,2023-7-22
1,96475,Globe,Lock,2023-7-22
1,96201,Globe,Lock,2023-7-22
1,214,Globe,Lock,2023-7-22
1,95210,Globe,Lock,2023-7-22
1,96522,Globe,Lock,2023-7-22
1,96005,Globe,Lock,2023-7-22
1,96180,Globe,Lock,2023-7-22
1,96221,Globe,Lock,2023-7-22
1,374,Globe,Lock,2023-7-22
1,95727,Globe,Lock,2023-7-22
1,95303,Globe,Lock,2023-7-22
1,218,Globe,Lock,2023-7-22
1,215,Globe,Lock,2023-7-22
1,218,Globe,Lock,2023-7-22
1,241,Globe,Lock,2023-7-22
1,217,Globe,Lock,2023-7-22
1,257,Globe,Lock,2023-7-22
1,269,Globe,Lock,2023-7-22
1,216,Globe,Lock,2023-7-22
1,95848,Globe,Lock,2023-7-22
1,95217,Globe,Lock,2023-7-22
1,300,Globe,Lock,2023-7-22
1,95977,Globe,Lock,2023-7-22
1,96566,Globe,Lock,2023-7-22
1,240,Globe,Lock,2023-7-22
1,225,Globe,Lock,2023-7-22
1,95053,Globe,Lock,2023-7-22
1,95038,Globe,Lock,2023-7-22
1,96784,Globe,Lock,2023-7-22
1,96334,Globe,Lock,2023-7-22
1,95153,Globe,Lock,2023-7-22
1,360,Globe,Lock,2023-7-22
1,95220,Globe,Lock,2023-7-22
1,355,Globe,Lock,2023-7-22
1,95024,Globe,Lock,2023-7-22
1,96655,Globe,Lock,2023-7-22
1,96304,Globe,Lock,2023-7-22
1,95298,Globe,Lock,2023-7-22
1,328,Globe,Lock,2023-7-22
1,95120,Globe,Lock,2023-7-22
1,247,Globe,Lock,2023-7-22
1,95009,Globe,Lock,2023-7-22
1,326,Globe,Lock,2023-7-22
1,95136,Globe,Lock,2023-7-22
1,95710,Globe,Lock,2023-7-22
1,96010,Globe,Lock,2023-7-22
1,95484,Globe,Lock,2023-7-22
1,95134,Globe,Lock,2023-7-22
1,95063,Globe,Lock,2023-7-22
1,96040,Globe,Lock,2023-7-22
1,96372,Globe,Lock,2023-7-22
1,96946,Globe,Lock,2023-7-22
1,96283,Globe,Lock,2023-7-22
1,303,Globe,Lock,2023-7-22
1,96019,Globe,Lock,2023-7-22
1,224,Globe,Lock,2023-7-22
1,332,Globe,Lock,2023-7-22
1,95049,Globe,Lock,2023-7-22
1,96430,Globe,Lock,2023-7-22
1,222,Globe,Lock,2023-7-22
1,96043,Globe,Lock,2023-7-22
1,96062,Globe,Lock,2023-7-22
1,252,Globe,Lock,2023-7-22
1,96212,Globe,Lock,2023-7-22
1,353,Globe,Lock,2023-7-22
1,96130,Globe,Lock,2023-7-22
1,96397,Globe,Lock,2023-7-22
1,96222,Globe,Lock,2023-7-22
1,238,Globe,Lock,2023-7-22
1,328,Globe,Lock,2023-7-22
1,96109,Globe,Lock,2023-7-22
1,95849,Globe,Lock,2023-7-22
1,96034,Globe,Lock,2023-7-22
1,96527,Globe,Lock,2023-7-22
1,390,Globe,Lock,2023-7-22
1,329,Globe,Lock,2023-7-22
1,96282,Globe,Lock,2023-7-22
1,96169,Globe,Lock,2023-7-22
1,95408,Globe,Lock,2023-7-22
1,318,Globe,Lock,2023-7-22
1,348,Globe,Lock,2023-7-22
1,95718,Globe,Lock,2023-7-22
1,95812,Globe,Lock,2023-7-22
1,377,Globe,Lock,2023-7-22
1,375,Globe,Lock,2023-7-22
1,96226,Globe,Lock,2023-7-22
1,364,Globe,Lock,2023-7-22
1,96837,Globe,Lock,2023-7-22
1,96224,Globe,Lock,2023-7-22
1,85281,Globe,Lock,2023-7-22
1,95420,Globe,Lock,2023-7-22
1,96218,Globe,Lock,2023-7-22
1,226,Globe,Lock,2023-7-22
1,95815,Globe,Lock,2023-7-22
1,96598,Globe,Lock,2023-7-22
1,329,Globe,Lock,2023-7-22
1,96434,Globe,Lock,2023-7-22
1,95098,Globe,Lock,2023-7-22
1,95022,Globe,Lock,2023-7-22
1,95039,Globe,Lock,2023-7-22
1,280,Globe,Lock,2023-7-22
1,95023,Globe,Lock,2023-7-22
1,95215,Globe,Lock,2023-7-22
1,95769,Globe,Lock,2023-7-22
1,385,Globe,Lock,2023-7-22
1,325,Globe,Lock,2023-7-22
1,96759,Globe,Lock,2023-7-22
1,400,Globe,Lock,2023-7-22
1,95870,Globe,Lock,2023-7-22
1,351,Globe,Lock,2023-7-22
1,336,Globe,Lock,2023-7-22
1,96440,Globe,Lock,2023-7-22
1,388,Globe,Lock,2023-7-22
1,243,Globe,Lock,2023-7-22
1,95021,Globe,Lock,2023-7-22
1,95913,Globe,Lock,2023-7-22
1,95192,Globe,Lock,2023-7-22
1,96573,Globe,Lock,2023-7-22
1,95006,Globe,Lock,2023-7-22
1,291,Globe,Lock,2023-7-22
1,96586,Globe,Lock,2023-7-22
1,201,Globe,Lock,2023-7-22
1,96454,Globe,Lock,2023-7-22
1,96712,Globe,Lock,2023-7-22
1,96893,Globe,Lock,2023-7-22
1,209,Globe,Lock,2023-7-22
1,96882,Globe,Lock,2023-7-22
1,311,Globe,Lock,2023-7-22
1,302,Globe,Lock,2023-7-22
1,397,Globe,Lock,2023-7-22
1,95244,Globe,Lock,2023-7-22
1,96100,Globe,Lock,2023-7-22
1,96156,Globe,Lock,2023-7-22
1,96260,Globe,Lock,2023-7-22
1,96793,Globe,Lock,2023-7-22
1,95227,Globe,Lock,2023-7-22
1,96141,Globe,Lock,2023-7-22
1,95469,Globe,Lock,2023-7-22
1,262,Globe,Lock,2023-7-22
1,95127,Globe,Lock,2023-7-22
1,336,Globe,Lock,2023-7-22
1,358,Globe,Lock,2023-7-22
1,95239,Globe,Lock,2023-7-22
1,203,Globe,Lock,2023-7-22
1,95218,Globe,Lock,2023-7-22
1,96455,Globe,Lock,2023-7-22
1,96499,Globe,Lock,2023-7-22
1,95454,Globe,Lock,2023-7-22
1,321,Globe,Lock,2023-7-22
1,219,Globe,Lock,2023-7-22
1,95859,Globe,Lock,2023-7-22
1,287,Globe,Lock,2023-7-22
1,95050,Globe,Lock,2023-7-22
1,95106,Globe,Lock,2023-7-22
1,268,Globe,Lock,2023-7-22
1,96621,Globe,Lock,2023-7-22
1,252,Globe,Lock,2023-7-22
1,96556,Globe,Lock,2023-7-22
1,95085,Globe,Lock,2023-7-22
1,400,Globe,Lock,2023-7-22
1,96304,Globe,Lock,2023-7-22
1,96439,Globe,Lock,2023-7-22
1,341,Globe,Lock,2023-7-22
1,95918,Globe,Lock,2023-7-22
1,284,Globe,Lock,2023-7-22
1,399,Globe,Lock,2023-7-22
1,327,Globe,Lock,2023-7-22
1,95488,Globe,Lock,2023-7-22
1,96235,Globe,Lock,2023-7-22
1,96202,Globe,Lock,2023-7-22
1,281,Globe,Lock,2023-7-22
1,95169,Globe,Lock,2023-7-22
1,96240,Globe,Lock,2023-7-22
1,95728,Globe,Lock,2023-7-22
1,96054,Globe,Lock,2023-7-22
1,278,Globe,Lock,2023-7-22
1,230,Globe,Lock,2023-7-22
1,96327,Globe,Lock,2023-7-22
1,96425,Globe,Lock,2023-7-22
1,287,Globe,Lock,2023-7-22
1,229,Globe,Lock,2023-7-22
1,96382,Globe,Lock,2023-7-22
1,223,Globe,Lock,2023-7-22
1,96850,Globe,Lock,2023-7-22
1,95071,Globe,Lock,2023-7-22
1,96012,Globe,Lock,2023-7-22
1,95066,Globe,Lock,2023-7-22
1,96742,Globe,Lock,2023-7-22
1,96396,Globe,Lock,2023-7-22
1,255,Globe,Lock,2023-7-22
1,95270,Globe,Lock,2023-7-22
1,96557,Globe,Lock,2023-7-22
1,95496,Globe,Lock,2023-7-22
1,96196,Globe,Lock,2023-7-22
1,95063,Globe,Lock,2023-7-22
1,95261,Globe,Lock,2023-7-22
1,352,Globe,Lock,2023-7-22
1,95419,Globe,Lock,2023-7-22
1,96434,Globe,Lock,2023-7-22
1,96297,Globe,Lock,2023-7-22
1,96478,Globe,Lock,2023-7-22
1,95057,Globe,Lock,2023-7-22
1,96839,Globe,Lock,2023-7-22
1,96668,Globe,Lock,2023-7-22
1,95155,Globe,Lock,2023-7-22
1,95142,Globe,Lock,2023-7-22
1,96765,Globe,Lock,2023-7-22
1,96829,Globe,Lock,2023-7-22
1,95205,Globe,Lock,2023-7-22
1,95019,Globe,Lock,2023-7-22
1,95124,Globe,Lock,2023-7-22
1,346,Globe,Lock,2023-7-22
1,96271,Globe,Lock,2023-7-22
1,95339,Globe,Lock,2023-7-22
1,362,Globe,Lock,2023-7-22
1,360,Globe,Lock,2023-7-22
1,96475,Globe,Lock,2023-7-22
1,307,Globe,Lock,2023-7-22
1,95924,Globe,Lock,2023-7-22
1,95414,Globe,Lock,2023-7-22
1,337,Globe,Lock,2023-7-22
1,96257,Globe,Lock,2023-7-22
1,370,Globe,Lock,2023-7-22
1,380,Globe,Lock,2023-7-22
1,95356,Globe,Lock,2023-7-22
1,96945,Globe,Lock,2023-7-22
1,95096,Globe,Lock,2023-7-22
1,95038,Globe,Lock,2023-7-22
1,249,Globe,Lock,2023-7-22
1,95083,Globe,Lock,2023-7-22
1,96432,Globe,Lock,2023-7-22
1,355,Globe,Lock,2023-7-22
1,356,Globe,Lock,2023-7-22
1,95287,Globe,Lock,2023-7-22
1,248,Globe,Lock,2023-7-22
1,250,Globe,Lock,2023-7-22
1,95468,Globe,Lock,2023-7-22
1,95442,Globe,Lock,2023-7-22
1,95764,Globe,Lock,2023-7-22
1,95043,Globe,Lock,2023-7-22
1,95372�,Globe,Lock,2023-7-22
1,96449,Globe,Lock,2023-7-22
1,380,Globe,Lock,2023-7-22
1,364,Globe,Lock,2023-7-22
1,96494,Globe,Lock,2023-7-22
1,387,Globe,Lock,2023-7-22
1,359,Globe,Lock,2023-7-22
1,320,Globe,Lock,2023-7-22
1,95059,Globe,Lock,2023-7-22
1,95423,Globe,Lock,2023-7-22
1,325,Globe,Lock,2023-7-22
1,96273,Globe,Lock,2023-7-22
1,96073,Globe,Lock,2023-7-22
1,204,Globe,Lock,2023-7-22
1,96017,Globe,Lock,2023-7-22
1,244�,Globe,Lock,2023-7-22
1,377,Globe,Lock,2023-7-22
1,96405,Globe,Lock,2023-7-22
1,265,Globe,Lock,2023-7-22
1,95345,Globe,Lock,2023-7-22
1,95754,Globe,Lock,2023-7-22
1,96020,Globe,Lock,2023-7-22
1,95500,Globe,Lock,2023-7-22
1,96360,Globe,Lock,2023-7-22
1,92303,Globe,Lock,2023-7-22
1,95427,Globe,Lock,2023-7-22
1,95949,Globe,Lock,2023-7-22
1,95290,Globe,Lock,2023-7-22
1,96142,Globe,Lock,2023-7-22
1,95126,Globe,Lock,2023-7-22
1,92388,Globe,Lock,2023-7-22
1,96249,Globe,Lock,2023-7-22
1,96591,Globe,Lock,2023-7-22
1,95493,Globe,Lock,2023-7-22
1,95065,Globe,Lock,2023-7-22
1,92392,Globe,Lock,2023-7-22
1,92245,Globe,Lock,2023-7-22
1,92393,Globe,Lock,2023-7-22
1,95821,Globe,Lock,2023-7-22
1,96421,Globe,Lock,2023-7-22
1,96500,Globe,Lock,2023-7-22
1,96480,Globe,Lock,2023-7-22
1,95844,Globe,Lock,2023-7-22
1,92288,Globe,Lock,2023-7-22
1,95072,Globe,Lock,2023-7-22
1,95748,Globe,Lock,2023-7-22
1,92381,Globe,Lock,2023-7-22
1,95115,Globe,Lock,2023-7-22
1,96474,Globe,Lock,2023-7-22
1,96455,Globe,Lock,2023-7-22
1,95412,Globe,Lock,2023-7-22
1,95023,Globe,Lock,2023-7-22
1,96979,Globe,Lock,2023-7-22
1,96438,Globe,Lock,2023-7-22
1,92276,Globe,Lock,2023-7-22
1,92202,Globe,Lock,2023-7-22
1,95893,Globe,Lock,2023-7-22
1,96412,Globe,Lock,2023-7-22
1,96858,Globe,Lock,2023-7-22
1,95201,Globe,Lock,2023-7-22
1,96429,Globe,Lock,2023-7-22
1,95451,Globe,Lock,2023-7-22
1,92315,Globe,Lock,2023-7-22
1,95734,Globe,Lock,2023-7-22
1,92358,Globe,Lock,2023-7-22
1,92260,Globe,Lock,2023-7-22
1,96079,Globe,Lock,2023-7-22
1,95151,Globe,Lock,2023-7-22
1,96649,Globe,Lock,2023-7-22
1,95119,Globe,Lock,2023-7-22
1,95326,Globe,Lock,2023-7-22
1,92223,Globe,Lock,2023-7-22
1,92238,Globe,Lock,2023-7-22
1,972,Globe,Lock,2023-7-22
1,96820,Globe,Lock,2023-7-22
1,95249,Globe,Lock,2023-7-22
1,95985,Globe,Lock,2023-7-22
1,96074,Globe,Lock,2023-7-22
1,95224,Globe,Lock,2023-7-22
1,95224,Globe,Lock,2023-7-22
1,92390,Globe,Lock,2023-7-22
1,92383,Globe,Lock,2023-7-22
1,95379,Globe,Lock,2023-7-22
1,96239,Globe,Lock,2023-7-22
1,95751,Globe,Lock,2023-7-22
1,92212,Globe,Lock,2023-7-22
1,9626,Globe,Lock,2023-7-22
1,96092,Globe,Lock,2023-7-22
1,92231,Globe,Lock,2023-7-22
1,95884,Globe,Lock,2023-7-22
1,92365,Globe,Lock,2023-7-22
1,96154,Globe,Lock,2023-7-22
1,92248,Globe,Lock,2023-7-22
1,96452,Globe,Lock,2023-7-22
1,95245,Globe,Lock,2023-7-22
1,95044,Globe,Lock,2023-7-22
1,96889,Globe,Lock,2023-7-22
1,96889,Globe,Lock,2023-7-22
1,92203,Globe,Lock,2023-7-22
1,95722,Globe,Lock,2023-7-22
1,92234,Globe,Lock,2023-7-22
1,96427,Globe,Lock,2023-7-22
1,96977,Globe,Lock,2023-7-22
1,95860,Globe,Lock,2023-7-22
1,96794,Globe,Lock,2023-7-22
1,68096,Globe,Lock,2023-7-22
1,96398,Globe,Lock,2023-7-22
1,95333,Globe,Lock,2023-7-22
1,96553,Globe,Lock,2023-7-22
1,92219,Globe,Lock,2023-7-22
1,95088,Globe,Lock,2023-7-22
1,95314,Globe,Lock,2023-7-22
1,92253,Globe,Lock,2023-7-22
1,92335,Globe,Lock,2023-7-22
1,92372,Globe,Lock,2023-7-22
1,96959,Globe,Lock,2023-7-22
1,95860,Globe,Lock,2023-7-22
1,95788,Globe,Lock,2023-7-22
1,96685,Globe,Lock,2023-7-22
1,92396,Globe,Lock,2023-7-22
1,96483,Globe,Lock,2023-7-22
1,92332,Globe,Lock,2023-7-22
1,96818,Globe,Lock,2023-7-22
1,92310,Globe,Lock,2023-7-22
1,92264,Globe,Lock,2023-7-22
1,92209,Globe,Lock,2023-7-22
1,95099,Globe,Lock,2023-7-22
1,96935,Globe,Lock,2023-7-22
1,92302,Globe,Lock,2023-7-22
1,92205,Globe,Lock,2023-7-22
1,95462,Globe,Lock,2023-7-22
1,92384,Globe,Lock,2023-7-22
1,96849,Globe,Lock,2023-7-22
1,95858,Globe,Lock,2023-7-22
1,285,Globe,Lock,2023-7-22
1,264,Globe,Lock,2023-7-22
1,267,Globe,Lock,2023-7-22
1,317,Globe,Lock,2023-7-22
1,207,Globe,Lock,2023-7-22
1,201,Globe,Lock,2023-7-22
1,275,Globe,Lock,2023-7-22
1,332,Globe,Lock,2023-7-22
1,227,Globe,Lock,2023-7-22
1,269,Globe,Lock,2023-7-22
1,320,Globe,Lock,2023-7-22
1,262,Globe,Lock,2023-7-22
1,95456,Globe,Lock,2023-7-22
1,95204,Globe,Lock,2023-7-22
1,95481,Globe,Lock,2023-7-22
1,215,Globe,Lock,2023-7-22
1,371,Globe,Lock,2023-7-22
1,255,Globe,Lock,2023-7-22
1,262,Globe,Lock,2023-7-22
1,334,Globe,Lock,2023-7-22
1,293,Globe,Lock,2023-7-22
1,96383,Globe,Lock,2023-7-22
1,297,Globe,Lock,2023-7-22
1,95052,Globe,Lock,2023-7-22
1,284,Globe,Lock,2023-7-22
1,95296,Globe,Lock,2023-7-22
1,319,Globe,Lock,2023-7-22
1,212,Globe,Lock,2023-7-22
1,247,Globe,Lock,2023-7-22
1,95705,Globe,Lock,2023-7-22
1,95449,Globe,Lock,2023-7-22
1,96259,Globe,Lock,2023-7-22
1,377,Globe,Lock,2023-7-22
1,396,Globe,Lock,2023-7-22
1,291,Globe,Lock,2023-7-22
1,276,Globe,Lock,2023-7-22
1,219,Globe,Lock,2023-7-22
1,96230,Globe,Lock,2023-7-22
1,333,Globe,Lock,2023-7-22
1,95470,Globe,Lock,2023-7-22
1,273,Globe,Lock,2023-7-22
1,386,Globe,Lock,2023-7-22
1,95470,Globe,Lock,2023-7-22
1,95940,Globe,Lock,2023-7-22
1,95257,Globe,Lock,2023-7-22
1,95490,Globe,Lock,2023-7-22
1,204,Globe,Lock,2023-7-22
1,324,Globe,Lock,2023-7-22
1,96813,Globe,Lock,2023-7-22
1,96615,Globe,Lock,2023-7-22
1,96999,Globe,Lock,2023-7-22
1,96234,Globe,Lock,2023-7-22
1,389,Globe,Lock,2023-7-22
1,273,Globe,Lock,2023-7-22
1,344,Globe,Lock,2023-7-22
1,95041,Globe,Lock,2023-7-22
1,306,Globe,Lock,2023-7-22
1,372,Globe,Lock,2023-7-22
1,96291,Globe,Lock,2023-7-22
1,95243,Globe,Lock,2023-7-22
1,95430,Globe,Lock,2023-7-22
1,96019,Globe,Lock,2023-7-22
1,285,Globe,Lock,2023-7-22
1,95787,Globe,Lock,2023-7-22
1,95830,Globe,Lock,2023-7-22
1,396,Globe,Lock,2023-7-22
1,96200,Globe,Lock,2023-7-22
1,95841,Globe,Lock,2023-7-22
1,282,Globe,Lock,2023-7-22
1,96292,Globe,Lock,2023-7-22
1,317,Globe,Lock,2023-7-22
1,96955,Globe,Lock,2023-7-22
1,337,Globe,Lock,2023-7-22
1,95435,Globe,Lock,2023-7-22
1,207,Globe,Lock,2023-7-22
1,95213,Globe,Lock,2023-7-22
1,254,Globe,Lock,2023-7-22
1,260,Globe,Lock,2023-7-22
1,96228,Globe,Lock,2023-7-22
1,205,Globe,Lock,2023-7-22
1,265,Globe,Lock,2023-7-22
1,95248,Globe,Lock,2023-7-22
1,96441,Globe,Lock,2023-7-22
1,293,Globe,Lock,2023-7-22
1,96732,Globe,Lock,2023-7-22
1,244,Globe,Lock,2023-7-22
1,96086,Globe,Lock,2023-7-22
1,328,Globe,Lock,2023-7-22
1,96277,Globe,Lock,2023-7-22
1,96170,Globe,Lock,2023-7-22
1,92342,Globe,Lock,2023-7-22
1,96497,Globe,Lock,2023-7-22
1,92363,Globe,Lock,2023-7-22
1,95917,Globe,Lock,2023-7-22
1,95351,Globe,Lock,2023-7-22
1,96359,Globe,Lock,2023-7-22
1,92367,Globe,Lock,2023-7-22
1,96473,Globe,Lock,2023-7-22
1,95814,Globe,Lock,2023-7-22
1,96452,Globe,Lock,2023-7-22
1,96295,Globe,Lock,2023-7-22
1,92239,Globe,Lock,2023-7-22
1,92238,Globe,Lock,2023-7-22
1,96526,Globe,Lock,2023-7-22
1,92236,Globe,Lock,2023-7-22
1,313,Globe,Lock,2023-7-22
1,95962,Globe,Lock,2023-7-22
1,361,Globe,Lock,2023-7-22
1,330,Globe,Lock,2023-7-22
1,95490,Globe,Lock,2023-7-22
1,96259,Globe,Lock,2023-7-22
1,96269,Globe,Lock,2023-7-22
1,96175,Globe,Lock,2023-7-22
1,96266,Globe,Lock,2023-7-22
1,95284,Globe,Lock,2023-7-22
1,356,Globe,Lock,2023-7-22
1,95236,Globe,Lock,2023-7-22
1,95427,Globe,Lock,2023-7-22
1,95197,Globe,Lock,2023-7-22
1,367,Globe,Lock,2023-7-22
1,95064,Globe,Lock,2023-7-22
1,96425,Globe,Lock,2023-7-22
1,95781,Globe,Lock,2023-7-22
1,95951,Globe,Lock,2023-7-22
1,95429,Globe,Lock,2023-7-22
1,95022,Globe,Lock,2023-7-22
1,95186,Globe,Lock,2023-7-22
1,96328,Globe,Lock,2023-7-22
1,95990,Globe,Lock,2023-7-22
1,270,Globe,Lock,2023-7-22
1,96470,Globe,Lock,2023-7-22
1,95321,Globe,Lock,2023-7-22
1,95770,Globe,Lock,2023-7-22
1,96226,Globe,Lock,2023-7-22
1,369,Globe,Lock,2023-7-22
1,95906,Globe,Lock,2023-7-22
1,95337,Globe,Lock,2023-7-22
1,285,Globe,Lock,2023-7-22
1,96075,Globe,Lock,2023-7-22
1,95270,Globe,Lock,2023-7-22
1,92266,Globe,Lock,2023-7-22
1,95735,Globe,Lock,2023-7-22
1,92313,Globe,Lock,2023-7-22
1,92222,Globe,Lock,2023-7-22
1,92306,Globe,Lock,2023-7-22
1,95084,Globe,Lock,2023-7-22
1,92362,Globe,Lock,2023-7-22
1,95445,Globe,Lock,2023-7-22
1,92334,Globe,Lock,2023-7-22
1,92249,Globe,Lock,2023-7-22
1,95278,Globe,Lock,2023-7-22
1,95755,Globe,Lock,2023-7-22
1,92300,Globe,Lock,2023-7-22
1,95780,Globe,Lock,2023-7-22
1,96873,Globe,Lock,2023-7-22
1,96094,Globe,Lock,2023-7-22
1,96000,Globe,Lock,2023-7-22
1,96282,Globe,Lock,2023-7-22
1,96662,Globe,Lock,2023-7-22
1,95266,Globe,Lock,2023-7-22
1,95307,Globe,Lock,2023-7-22
1,259,Globe,Lock,2023-7-22
1,305,Globe,Lock,2023-7-22
1,96399,Globe,Lock,2023-7-22
1,95487,Globe,Lock,2023-7-22
1,96520,Globe,Lock,2023-7-22
1,95319,Globe,Lock,2023-7-22
1,95843,Globe,Lock,2023-7-22
1,96041,Globe,Lock,2023-7-22
1,220,Globe,Lock,2023-7-22
1,96033,Globe,Lock,2023-7-22
1,95068,Globe,Lock,2023-7-22
1,261,Globe,Lock,2023-7-22
1,95080,Globe,Lock,2023-7-22
1,95049,Globe,Lock,2023-7-22
1,209,Globe,Lock,2023-7-22
1,92389,Globe,Lock,2023-7-22
1,96342,Globe,Lock,2023-7-22
1,92386,Globe,Lock,2023-7-22
1,96533,Globe,Lock,2023-7-22
1,96061,Globe,Lock,2023-7-22
1,92301,Globe,Lock,2023-7-22
1,96486,Globe,Lock,2023-7-22
1,95075,Globe,Lock,2023-7-22
1,92262,Globe,Lock,2023-7-22
1,95761,Globe,Lock,2023-7-22
1,95047,Globe,Lock,2023-7-22
1,92227,Globe,Lock,2023-7-22
1,95255,Globe,Lock,2023-7-22
1,96852,Globe,Lock,2023-7-22
1,96473,Globe,Lock,2023-7-22
1,385,Globe,Lock,2023-7-22
1,95181,Globe,Lock,2023-7-22
1,95976,Globe,Lock,2023-7-22
1,96569,Globe,Lock,2023-7-22
1,96433,Globe,Lock,2023-7-22
1,95074,Globe,Lock,2023-7-22
1,95269,Globe,Lock,2023-7-22
1,392,Globe,Lock,2023-7-22
1,393,Globe,Lock,2023-7-22
1,96925,Globe,Lock,2023-7-22
1,96209,Globe,Lock,2023-7-22
1,96026,Globe,Lock,2023-7-22
1,261,Globe,Lock,2023-7-22
1,95046,Globe,Lock,2023-7-22
1,95225,Globe,Lock,2023-7-22
1,95015,Globe,Lock,2023-7-22
1,96412,Globe,Lock,2023-7-22
1,338,Globe,Lock,2023-7-22
1,95206,Globe,Lock,2023-7-22
1,95788,Globe,Lock,2023-7-22
1,210,Globe,Lock,2023-7-22
1,92317,Globe,Lock,2023-7-22
1,96421,Globe,Lock,2023-7-22
1,96471,Globe,Lock,2023-7-22
1,95334,Globe,Lock,2023-7-22
1,367,Globe,Lock,2023-7-22
1,372,Globe,Lock,2023-7-22
1,234,Globe,Lock,2023-7-22
1,95367,Globe,Lock,2023-7-22
1,95031,Globe,Lock,2023-7-22
1,96276,Globe,Lock,2023-7-22
1,95757,Globe,Lock,2023-7-22
1,335,Globe,Lock,2023-7-22
1,96627,Globe,Lock,2023-7-22
1,284,Globe,Lock,2023-7-22
1,339,Globe,Lock,2023-7-22
1,95093,Globe,Lock,2023-7-22
1,95484,Globe,Lock,2023-7-22
1,208,Globe,Lock,2023-7-22
1,95453,Globe,Lock,2023-7-22
1,96117,Globe,Lock,2023-7-22
1,96888,Globe,Lock,2023-7-22
1,95264,Globe,Lock,2023-7-22
1,95732,Globe,Lock,2023-7-22
1,95196,Globe,Lock,2023-7-22
1,967404,Globe,Lock,2023-7-22
1,95267,Globe,Lock,2023-7-22
1,95061,Globe,Lock,2023-7-22
1,95238,Globe,Lock,2023-7-22
1,96466,Globe,Lock,2023-7-22
1,242,Globe,Lock,2023-7-22
1,343,Globe,Lock,2023-7-22
1,95303,Globe,Lock,2023-7-22
1,95034,Globe,Lock,2023-7-22
1,95855,Globe,Lock,2023-7-22
1,96411,Globe,Lock,2023-7-22
1,95117,Globe,Lock,2023-7-22
1,234,Globe,Lock,2023-7-22
1,96031,Globe,Lock,2023-7-22
1,208,Globe,Lock,2023-7-22
1,229,Globe,Lock,2023-7-22
1,389,Globe,Lock,2023-7-22
1,95199,Globe,Lock,2023-7-22
1,385,Globe,Lock,2023-7-22
1,96718,Globe,Lock,2023-7-22
1,96766,Globe,Lock,2023-7-22
1,338,Globe,Lock,2023-7-22
1,397,Globe,Lock,2023-7-22
1,95117,Globe,Lock,2023-7-22
1,96926,Globe,Lock,2023-7-22
1,373,Globe,Lock,2023-7-22
1,300,Globe,Lock,2023-7-22
1,96069,Globe,Lock,2023-7-22
1,270,Globe,Lock,2023-7-22
1,95039,Globe,Lock,2023-7-22
1,95263,Globe,Lock,2023-7-22
1,95376,Globe,Lock,2023-7-22
1,92314,Globe,Lock,2023-7-22
1,388,Globe,Lock,2023-7-22